"","TEsubFam","X1","X2"
"Alu","Alu",2.76434832158689,-5.61831744929375
"AluJb","AluJb",2.86707387555665,-6.10610240146814
"AluJo","AluJo",2.73314800570283,-5.64905013203094
"AluJr","AluJr",2.83760899072172,-6.01005781262396
"AluJr4","AluJr4",3.04696771322835,-3.37625797597866
"AluSc","AluSc",2.80042047447445,-5.88131856154032
"AluSc5","AluSc5",2.62632276624552,-5.10444536979533
"AluSc8","AluSc8",2.83635634154813,-5.92748752629439
"AluSg","AluSg",2.8110408212641,-5.91680762376307
"AluSg4","AluSg4",2.7162282708884,-5.46302293774553
"AluSg7","AluSg7",2.74378353049327,-5.45595926131831
"AluSp","AluSp",2.87366508827021,-6.10519304698327
"AluSq","AluSq",2.77045830025476,-5.65978582872599
"AluSq10","AluSq10",2.35996328218003,-1.96035209644716
"AluSq2","AluSq2",2.88769981860776,-6.07651569309513
"AluSq4","AluSq4",2.42699587144508,-1.96153457593134
"AluSx","AluSx",2.87345217046693,-6.11164279417635
"AluSx1","AluSx1",2.90028758757887,-6.15470770896142
"AluSx3","AluSx3",2.81966547907054,-5.99458921293628
"AluSx4","AluSx4",2.78286301074494,-5.70277252150909
"AluSz","AluSz",2.80978850254984,-6.06141895596797
"AluSz6","AluSz6",1.46205812200225,-5.85445046015379
"AluY","AluY",2.70042792904875,-5.39298418730904
"AluYa5","AluYa5",-2.11429362704022,2.77601743360636
"AluYa8","AluYa8",-1.3347734131923,2.11481759497867
"AluYb8","AluYb8",-2.14346488639673,2.81177617746621
"AluYb9","AluYb9",-2.0174856950585,2.66031737849376
"AluYc","AluYc",2.63194800394719,-5.09791982540553
"AluYc3","AluYc3",-0.990642374830488,1.30800921022002
"AluYd8","AluYd8",-2.07217259566764,2.87606823030616
"AluYe5","AluYe5",2.26083480062322,-1.79662957062706
"AluYe6","AluYe6",-1.844318667393,1.93210724883493
"AluYf1","AluYf1",2.67408049772858,-5.0959856624451
"AluYg6","AluYg6",-1.93261847454786,2.66867292474389
"AluYh3","AluYh3",-0.680831339869903,1.13858723703511
"AluYh3a3","AluYh3a3",-2.09787212085716,2.61739018644483
"AluYh7","AluYh7",-1.28957645003222,1.57666749716222
"AluYh9","AluYh9",-1.95212214266641,2.40720771959513
"AluYi6","AluYi6",-0.875249271681176,1.25228541083643
"AluYi6_4d","AluYi6_4d",-2.53132363379644,2.2767225476728
"AluYj4","AluYj4",2.38320337532301,-1.86742996502699
"AluYk11","AluYk11",-1.66043148320335,1.77999623914324
"AluYk12","AluYk12",-1.76933022242064,2.10647454167627
"AluYk2","AluYk2",2.58653704558752,-5.21065931850959
"AluYk3","AluYk3",2.36189727540342,-5.10827353028816
"AluYk4","AluYk4",2.26827203813161,-1.80179153836424
"AluYm1","AluYm1",2.50765633419057,-5.08457604677555
"AmnSINE1","AmnSINE1",4.60409289911509,-1.47633224485428
"AmnSINE2","AmnSINE2",0.598332219207008,3.12865462763577
"Arthur1","Arthur1",0.335294913259418,-2.73106363834272
"Arthur1A","Arthur1A",1.79332306195316,1.3065049556438
"Arthur1B","Arthur1B",0.341413476452419,-2.98300676071065
"Arthur1C","Arthur1C",0.667344061569289,0.52971591670867
"Arthur2","Arthur2",0.484219188482427,-1.96197861945648
"BLACKJACK","BLACKJACK",1.19339412583416,-3.82188656491222
"CR1-11_Crp","CR1-11_Crp",-1.89775883337871,2.66623172301904
"CR1-12_AMi","CR1-12_AMi",0.187649632625034,1.88100650624005
"CR1-13_AMi","CR1-13_AMi",-0.0779728267657842,2.37084391618872
"CR1-16_AMi","CR1-16_AMi",0.887539463713985,0.622178714767506
"CR1-1_Amn","CR1-1_Amn",-0.894966533903269,3.48704636949163
"CR1-3_Croc","CR1-3_Croc",4.05509987280284,-1.05792495552338
"CR1-L3A_Croc","CR1-L3A_Croc",1.47321850610486,2.30339574100313
"CR1-L3B_Croc","CR1-L3B_Croc",-2.3386242498095,2.48977283023238
"CR1_Mam","CR1_Mam",4.19846766265009,-1.33293828463911
"Chap1_Mam","Chap1_Mam",2.21824005847953,0.0216320933842109
"Chap1a_Mam","Chap1a_Mam",3.61235037193636,-1.88576513064175
"Charlie1","Charlie1",3.56833023476237,-0.910413557990071
"Charlie10","Charlie10",-2.8800139649157,1.4663425838782
"Charlie10a","Charlie10a",-2.86918801000355,1.55911849858248
"Charlie10b","Charlie10b",-2.92517079968787,1.48753389648155
"Charlie11","Charlie11",0.151967129228806,2.30293169775178
"Charlie13a","Charlie13a",1.87008775804361,0.95747765515384
"Charlie13b","Charlie13b",1.8319185183226,1.46977716654199
"Charlie14a","Charlie14a",2.32780743744397,-0.607702098458434
"Charlie15a","Charlie15a",4.02178627004306,-2.78466873860345
"Charlie15b","Charlie15b",4.3572223075347,-1.40744381843977
"Charlie16","Charlie16",3.99851659234325,-0.991808266066648
"Charlie16a","Charlie16a",4.44874998856809,-1.36861741086462
"Charlie17","Charlie17",2.53054424554939,-0.897583720473412
"Charlie17a","Charlie17a",3.25133293852077,-1.64923705711232
"Charlie17b","Charlie17b",1.11025362521689,0.753714707506757
"Charlie18a","Charlie18a",4.48833737980431,-1.80939979130828
"Charlie19a","Charlie19a",4.54720108947853,-1.52045411743923
"Charlie1a","Charlie1a",1.25494586896093,-4.66154112470348
"Charlie1b","Charlie1b",3.27422794473737,-0.99186382213005
"Charlie20a","Charlie20a",3.42854700330106,-0.732132563612565
"Charlie21a","Charlie21a",1.85050834159816,-0.00568426038877812
"Charlie22a","Charlie22a",4.18160613975248,-1.09809720813121
"Charlie23a","Charlie23a",2.14571211574143,1.75336534686701
"Charlie24","Charlie24",2.08953986037416,1.920346836774
"Charlie25","Charlie25",2.18838420113852,-2.56684151895666
"Charlie26a","Charlie26a",2.01289195684335,2.00099872259348
"Charlie29a","Charlie29a",3.80580049441623,-0.89877960180317
"Charlie29b","Charlie29b",3.17035844134019,-2.531926195168
"Charlie2a","Charlie2a",2.08026705146579,-2.68994992598244
"Charlie2b","Charlie2b",1.69403729203072,-3.20878377413774
"Charlie3","Charlie3",1.88242628325375,1.57730867675479
"Charlie30a","Charlie30a",1.08541893028887,2.83420609007932
"Charlie30b","Charlie30b",1.88068775878145,1.53178251744827
"Charlie31a","Charlie31a",1.52145251055285,-0.640437242643567
"Charlie32a","Charlie32a",0.426018888892021,3.22224993566702
"Charlie4","Charlie4",4.53378821392896,-1.53833428623182
"Charlie4a","Charlie4a",4.47728566687105,-1.37975737464533
"Charlie4z","Charlie4z",4.39805873473629,-2.14730738417618
"Charlie5","Charlie5",2.33704748863696,-0.580359831169349
"Charlie6","Charlie6",1.85488629110449,0.151268282585915
"Charlie7","Charlie7",2.61097446993207,-2.29317725593016
"Charlie7a","Charlie7a",4.21004979505618,-1.25005794366485
"Charlie7b_Mars","Charlie7b_Mars",-1.22937079116494,2.11898740469817
"Charlie8","Charlie8",3.46173911638589,-2.93378365231501
"Charlie9","Charlie9",3.60178481781512,-0.839945166263147
"Cheshire","Cheshire",2.66884382787109,-0.906838261102023
"Chompy-6_Croc","Chompy-6_Croc",-0.572794403491792,3.56953578133344
"Chompy-7_Croc","Chompy-7_Croc",-2.74091365718845,1.90190324300526
"DNA1_Mam","DNA1_Mam",-2.30763658706067,2.49385771962326
"ERV24B_Prim-int","ERV24B_Prim-int",-2.24910139221324,2.68999255024839
"ERV24_Prim-int","ERV24_Prim-int",-2.08113757141034,2.77509205897187
"ERV3-16A3_I-int","ERV3-16A3_I-int",-1.45346574880613,2.65392172333614
"ERV3-16A3_LTR","ERV3-16A3_LTR",2.36089272298471,-1.09078555730661
"ERVL-B4-int","ERVL-B4-int",-2.24234084179387,2.65206516725511
"ERVL-E-int","ERVL-E-int",0.640860307699158,-5.32743027486151
"ERVL-int","ERVL-int",-3.77324663512278,2.04714911541897
"EUTREP15","EUTREP15",0.289947074230678,1.53322233733064
"EUTREP16","EUTREP16",1.68971700732265,1.85222383289326
"EUTREP4","EUTREP4",0.794032025501695,0.974377840207371
"EUTREP7","EUTREP7",0.0329156195152889,1.6901291649885
"EUTREP8","EUTREP8",1.1405353259629,2.21181994005615
"Eulor1","Eulor1",-0.704733559003341,2.8877680612321
"Eulor10","Eulor10",-0.81466501058388,3.46300400837689
"Eulor11","Eulor11",0.0613037688305794,1.86667216505638
"Eulor12","Eulor12",-0.745282219130246,3.04611992584757
"Eulor2A","Eulor2A",-0.883630077328764,3.12420715000777
"Eulor2B","Eulor2B",-2.03127066546272,2.85618204866321
"Eulor2C","Eulor2C",-1.45895319076008,3.25321277777756
"Eulor3","Eulor3",-1.84607443295648,2.44411554536105
"Eulor5A","Eulor5A",-0.623096688286809,3.19321493342298
"Eulor5B","Eulor5B",-0.565665502225372,3.56494920851567
"Eulor6A","Eulor6A",-1.27683109116147,3.10313289206028
"Eulor6B","Eulor6B",-1.04100953481879,2.97569614677367
"Eulor6C","Eulor6C",-2.07190385050723,2.96629005150027
"Eulor6D","Eulor6D",-0.748910731077783,3.21249625982585
"Eulor6E","Eulor6E",-1.18350652016297,3.46256813188938
"Eulor7","Eulor7",-2.31355933608576,2.97835571938648
"Eulor8","Eulor8",0.436116922828832,0.936733781987478
"Eulor9A","Eulor9A",-0.404345049370111,3.5021284811256
"Eulor9B","Eulor9B",-1.71299747188041,3.00356399643635
"Eulor9C","Eulor9C",-0.518066733535374,3.58926179718554
"EutTc1-N1","EutTc1-N1",-2.70956424930837,1.83520966710417
"EutTc1-N2","EutTc1-N2",-1.86083051881136,2.96239126753051
"EuthAT-2","EuthAT-2",2.75055151437442,-0.746636748953721
"EuthAT-N1","EuthAT-N1",-1.75413721918847,2.71549103777477
"EuthAT-N1a","EuthAT-N1a",-1.59335206586165,2.56275355837277
"Eutr10","Eutr10",2.18635048536789,-0.892675215009131
"Eutr11","Eutr11",2.22836812169676,0.595804839401008
"Eutr15","Eutr15",0.522576870694559,-1.86023545221276
"Eutr16","Eutr16",0.759498770107815,0.576335303235172
"Eutr18","Eutr18",2.07137713466644,1.49377239365884
"Eutr2","Eutr2",1.77549490226045,0.323096874926091
"Eutr2B","Eutr2B",1.9577640001753,0.169670753324052
"Eutr5","Eutr5",0.504665026016406,-0.656947347495915
"FAM","FAM",3.06116071500133,-2.92013604550166
"FLAM_A","FLAM_A",3.03828765094499,-3.2488550088998
"FLAM_C","FLAM_C",2.82300197154815,-5.24158956531831
"FRAM","FRAM",2.79466836533931,-5.24051063815459
"FordPrefect","FordPrefect",0.908488043370399,-1.03100602689085
"FordPrefect_a","FordPrefect_a",-0.404701512167514,1.11892286017171
"HAL1","HAL1",0.82277913096078,-5.12884336516843
"HAL1M8","HAL1M8",1.57486750480793,-3.86949229886681
"HAL1ME","HAL1ME",0.820801800490917,-5.14983482076423
"HAL1b","HAL1b",1.27593462492664,-4.19431247166982
"HERV-Fc1-int","HERV-Fc1-int",-2.35723702766087,2.71295498815006
"HERV-Fc1_LTR2","HERV-Fc1_LTR2",-1.5965302540953,2.4339914621779
"HERV-Fc1_LTR3","HERV-Fc1_LTR3",-1.78358264025071,1.78080338280336
"HERV15-int","HERV15-int",-2.00445254595231,2.78004298449717
"HERV16-int","HERV16-int",1.15271976986656,-3.41184526246266
"HERV17-int","HERV17-int",-2.17227547392472,2.53422954794558
"HERV1_I-int","HERV1_I-int",-2.17905594770842,2.81819531438939
"HERV1_LTRc","HERV1_LTRc",-1.57481935623536,2.5100470187169
"HERV1_LTRe","HERV1_LTRe",-2.44985853960545,3.03958867570186
"HERV3-int","HERV3-int",-2.60413297800275,3.15716088258881
"HERV30-int","HERV30-int",-2.09783905011592,2.85328706594083
"HERV35I-int","HERV35I-int",-2.1817021999061,0.12846065246383
"HERV4_I-int","HERV4_I-int",-2.11765598242447,0.0620068248249996
"HERV9-int","HERV9-int",-2.22695598722645,2.64962065389413
"HERV9N-int","HERV9N-int",-2.05440376004941,2.82551008760705
"HERV9NC-int","HERV9NC-int",-3.07683906151558,2.75656646706386
"HERVE-int","HERVE-int",-3.95338843151728,2.01860104558064
"HERVE_a-int","HERVE_a-int",-2.25211743295085,2.6287956030338
"HERVFH19-int","HERVFH19-int",-2.06444486768302,2.86448293165736
"HERVFH21-int","HERVFH21-int",-3.09501961099846,2.82218790071046
"HERVH-int","HERVH-int",-2.73067555558747,2.52229872913212
"HERVH48-int","HERVH48-int",-2.72516637336365,4.20847996886377
"HERVI-int","HERVI-int",-3.2777177896141,3.15367787717941
"HERVIP10B3-int","HERVIP10B3-int",-3.45211849880325,3.12425196128924
"HERVIP10F-int","HERVIP10F-int",-3.55609157929303,3.12747484964611
"HERVIP10FH-int","HERVIP10FH-int",-3.85752744925514,3.18207426228896
"HERVK-int","HERVK-int",-2.32538323023128,2.62091737660956
"HERVK11-int","HERVK11-int",-2.93088776665636,2.82556630184518
"HERVK11D-int","HERVK11D-int",-2.33222566415733,3.18220937964755
"HERVK13-int","HERVK13-int",-1.90920018761295,3.49541831783963
"HERVK14-int","HERVK14-int",-2.90681417020937,2.17966983354408
"HERVK14C-int","HERVK14C-int",-2.73217498530909,2.43359340624843
"HERVK22-int","HERVK22-int",-4.18599830723357,4.15030380833418
"HERVK3-int","HERVK3-int",-2.49426482627952,2.17453988240509
"HERVK9-int","HERVK9-int",-2.63268114646714,2.47355799246029
"HERVKC4-int","HERVKC4-int",-2.51885871725132,2.61788516154807
"HERVL-int","HERVL-int",-3.72890790332077,2.13559441761533
"HERVL18-int","HERVL18-int",-2.56770511006954,2.86280778547129
"HERVL32-int","HERVL32-int",-2.31699852289892,2.78125850273188
"HERVP71A-int","HERVP71A-int",-3.15773195106098,3.18823497747375
"HERVS71-int","HERVS71-int",-2.55491031251202,2.9938102355641
"HSMAR1","HSMAR1",-2.06346960271816,3.05490284112012
"HSMAR2","HSMAR2",-2.00024332571638,2.70744908951321
"HUERS-P1-int","HUERS-P1-int",-1.44501647517463,1.40351100519237
"HUERS-P2-int","HUERS-P2-int",-2.59418638305559,4.65304230564358
"HUERS-P3-int","HUERS-P3-int",-2.41648470219763,1.00177309031006
"HUERS-P3b-int","HUERS-P3b-int",-2.44306122720306,0.920911184727139
"Harlequin-int","Harlequin-int",-2.40386183801561,2.5595316795459
"Helitron1Na_Mam","Helitron1Na_Mam",1.77305538109105,0.0198571887494059
"Helitron1Nb_Mam","Helitron1Nb_Mam",0.452348895811532,0.567037809961677
"Helitron2Na_Mam","Helitron2Na_Mam",2.28758662835134,0.594103818906503
"Helitron3Na_Mam","Helitron3Na_Mam",2.91914955686813,-1.37433183337636
"Kanga1","Kanga1",2.58531318714838,-0.842454953188335
"Kanga11a","Kanga11a",2.76625220291083,-0.672826993666028
"Kanga1a","Kanga1a",2.65202309910977,-0.691381038888325
"Kanga1b","Kanga1b",1.64418495684802,0.00193375298673182
"Kanga1c","Kanga1c",2.72234805397198,-1.3975058822398
"Kanga1d","Kanga1d",2.47560663966042,-0.2303207101468
"Kanga2_a","Kanga2_a",2.87008916282127,-2.3575201619671
"L1HS","L1HS",-3.53912531346031,-1.27307903749398
"L1M","L1M",-0.0672807977070378,-5.49432433979213
"L1M1","L1M1",-2.51533895144951,-2.64662624522222
"L1M2","L1M2",-2.47782986847728,-2.56955452321309
"L1M2a","L1M2a",-2.54365768632476,-2.1269231100544
"L1M2a1","L1M2a1",-2.66851355148719,-1.81913313527987
"L1M2b","L1M2b",-2.69725224274197,-1.66809945308455
"L1M2c","L1M2c",-2.61240534585335,-2.37357687352578
"L1M3","L1M3",-2.58362688936654,-2.45338723927945
"L1M3a","L1M3a",-2.27602336629392,-1.9973501831812
"L1M3b","L1M3b",-2.71073479679462,-2.31650721922893
"L1M3c","L1M3c",-2.6794266927782,-2.63942988303267
"L1M3d","L1M3d",-2.55469991782634,-2.19890745126402
"L1M3de","L1M3de",-2.59391217275315,-2.14036602027366
"L1M3e","L1M3e",-2.68063104238129,-2.29539944651752
"L1M3f","L1M3f",-2.59196824040083,-2.49259027843974
"L1M4","L1M4",-0.252548283952944,-5.49827739465028
"L1M4a1","L1M4a1",0.346121421741683,-5.05176376703123
"L1M4a2","L1M4a2",-2.45871294058455,-2.45559740577695
"L1M4b","L1M4b",-2.4604137670455,-2.46392158667912
"L1M4c","L1M4c",-2.50253528633386,-2.68258238275559
"L1M5","L1M5",0.116678042566331,-5.83864974142686
"L1M6","L1M6",1.11596239708715,-4.23663109161687
"L1M6B","L1M6B",2.53780174475501,-0.912863100018837
"L1M7","L1M7",1.43655657690632,-4.02580088036461
"L1M8","L1M8",1.49333038059986,-3.89099162094818
"L1MA1","L1MA1",0.365833046003812,-5.3600894145302
"L1MA10","L1MA10",0.454113914231109,-5.25305471039582
"L1MA2","L1MA2",-2.79559197359264,-1.67817152999205
"L1MA3","L1MA3",-2.76237488359972,-1.89919938582612
"L1MA4","L1MA4",-2.50977219841856,-2.64490430887253
"L1MA4A","L1MA4A",-2.53580260168683,-2.62423133815739
"L1MA5","L1MA5",-2.30830860376722,-2.73310373281107
"L1MA5A","L1MA5A",0.0520240032446804,-5.10395658003923
"L1MA6","L1MA6",-2.60973738371633,-2.47214030625446
"L1MA7","L1MA7",0.0460572065650822,-5.70480422894648
"L1MA8","L1MA8",-0.0446083834115995,-5.88379147015195
"L1MA9","L1MA9",-0.00947895854874325,-5.79310253084054
"L1MB1","L1MB1",-0.00167536002730706,-5.70257113434128
"L1MB2","L1MB2",0.246988917619412,-5.11083151234715
"L1MB3","L1MB3",0.156709649915214,-5.29966097270026
"L1MB4","L1MB4",0.237218589661077,-5.21205237522575
"L1MB5","L1MB5",0.261937024612675,-5.08539187213487
"L1MB7","L1MB7",-0.0307482612340739,-5.64464971037936
"L1MB8","L1MB8",0.199655464145444,-5.67100877291964
"L1MC","L1MC",0.284992212559186,-5.57595961761203
"L1MC1","L1MC1",-2.74889981466743,-1.57889564447469
"L1MC2","L1MC2",0.523907385614142,-5.35413947110982
"L1MC3","L1MC3",0.218645573369525,-5.80268833307973
"L1MC4","L1MC4",0.643992266364697,-5.81829094269771
"L1MC4a","L1MC4a",0.681046743826941,-5.59319060639072
"L1MC5","L1MC5",0.656092937748304,-5.73608355513125
"L1MC5a","L1MC5a",0.587488062937201,-5.80736871792495
"L1MCa","L1MCa",0.0890848949766568,-5.77496970290181
"L1MCb","L1MCb",0.72766162553504,-4.93288208028754
"L1MCc","L1MCc",0.664539633848496,-4.78323972316787
"L1MD","L1MD",0.23626844781357,-5.3446536724864
"L1MD1","L1MD1",-2.50101956814863,-2.12659564748374
"L1MD2","L1MD2",0.313965479668526,-5.69511334833183
"L1MD3","L1MD3",1.2804056986041,-4.54251125863887
"L1MDa","L1MDa",-2.55316193232985,-2.30444089420298
"L1MDb","L1MDb",1.12381208108179,-3.02018684366061
"L1ME1","L1ME1",0.0875464708186801,-5.85720196082944
"L1ME2","L1ME2",0.421678807286428,-5.63602809864976
"L1ME2z","L1ME2z",0.860016255326907,-4.99867186512276
"L1ME3","L1ME3",0.664294027855534,-5.16251658346639
"L1ME3A","L1ME3A",0.496016483851494,-5.7444047255125
"L1ME3B","L1ME3B",0.65493504934918,-5.07598517683888
"L1ME3C","L1ME3C",0.616252331931451,-5.30062368459908
"L1ME3Cz","L1ME3Cz",0.417899947664084,-5.78571288367761
"L1ME3D","L1ME3D",1.05121730004838,-4.7621938857276
"L1ME3E","L1ME3E",0.926344580725944,-4.95633425677986
"L1ME3F","L1ME3F",1.094434687369,-4.76169135114582
"L1ME3G","L1ME3G",0.531364284269778,-5.83463787784413
"L1ME4a","L1ME4a",0.566803902498442,-5.84754150538559
"L1ME4b","L1ME4b",0.612506236451556,-5.82349042806352
"L1ME4c","L1ME4c",3.13097949669145,-3.89240672007749
"L1ME5","L1ME5",1.87016836591573,-3.50343611107815
"L1MEa","L1MEa",1.50325369654811,-1.3574763563868
"L1MEb","L1MEb",2.27711022682868,-2.2322297679533
"L1MEc","L1MEc",-0.0727033014867562,-5.72270690608596
"L1MEd","L1MEd",0.218249817752106,-5.93101436492658
"L1MEf","L1MEf",-0.00216571077160843,-5.6678075425354
"L1MEg","L1MEg",-0.0122663353870179,-5.56312723752041
"L1MEg1","L1MEg1",2.36697117341298,-0.945009603874925
"L1MEg2","L1MEg2",1.77471888463808,-1.75575058446178
"L1MEh","L1MEh",1.02246220280916,-4.35124478199383
"L1MEi","L1MEi",0.593256480569916,-5.27046365943318
"L1MEj","L1MEj",1.1391823299351,-4.26199905714467
"L1P","L1P",-3.66017903631866,-1.17721264100264
"L1P1","L1P1",-2.39685861404713,2.99927158721109
"L1P2","L1P2",-2.36971697346526,2.72192814327231
"L1P3","L1P3",-2.49909731805853,2.40683067135898
"L1P3b","L1P3b",-2.43417197385227,2.62862992382545
"L1P4","L1P4",0.323821109899184,-5.52679099377454
"L1P4a","L1P4a",-2.37037830460252,2.4437657927043
"L1P4b","L1P4b",-2.40420156668012,2.87323541155206
"L1P4d","L1P4d",-2.42338508129754,2.69251971685469
"L1P4e","L1P4e",-2.4264410600084,3.00657362611654
"L1P5","L1P5",1.53194087195909,-2.05695264222034
"L1PA10","L1PA10",-3.4697395311837,-1.3509411691328
"L1PA11","L1PA11",-3.49988310284794,-1.31181814710165
"L1PA12","L1PA12",-2.610413316407,3.22387054245905
"L1PA13","L1PA13",-3.46207166790462,-1.34629523084176
"L1PA14","L1PA14",-3.34758470869654,-1.40780678368322
"L1PA15","L1PA15",-2.89532176340412,-1.90101899853373
"L1PA15-16","L1PA15-16",-2.83832877541703,-1.96351604546255
"L1PA16","L1PA16",-3.33528526145859,-1.46554232719916
"L1PA17","L1PA17",-2.76531594449692,-1.74101389098249
"L1PA2","L1PA2",-3.63314838445713,-1.21126029725203
"L1PA3","L1PA3",-3.63246197073357,-1.22030012204196
"L1PA4","L1PA4",-3.62035367435874,-1.23941846566469
"L1PA5","L1PA5",-3.61682700528109,-1.24090544806098
"L1PA6","L1PA6",-3.5991972785504,-1.25978850209174
"L1PA7","L1PA7",-3.57615522908865,-1.30267154821074
"L1PA8","L1PA8",-3.53950348708192,-1.27951657933079
"L1PA8A","L1PA8A",-3.5044103373638,-1.28265122960478
"L1PB","L1PB",0.133376894377711,-5.41167370885142
"L1PB1","L1PB1",-2.56191885521728,-2.31693899285473
"L1PB2","L1PB2",-2.64043930441186,-1.98107945826257
"L1PB3","L1PB3",-2.61566515150162,-2.14244091973816
"L1PB4","L1PB4",0.0215922170802728,-5.7549808510923
"L1PBa","L1PBa",-2.5239108770082,-2.1921262210573
"L1PBa1","L1PBa1",-2.03961905538914,2.46297281157878
"L1PBb","L1PBb",-2.64636356749534,-1.63322458595553
"L1PREC2","L1PREC2",-3.43303404968602,-1.36647129077754
"L2","L2",3.60611784079875,-4.1572184382611
"L2-1_AMi","L2-1_AMi",2.57463743132065,-0.935306200061112
"L2-1_Crp","L2-1_Crp",-1.99506078819101,3.04946536913905
"L2-2_Mam","L2-2_Mam",1.47127265708165,1.85237630396247
"L2-3_AMi","L2-3_AMi",-1.07012501647333,3.5433895926731
"L2-3_Crp","L2-3_Crp",3.86030124766605,-1.01139959595484
"L2a","L2a",3.63052600956753,-4.21473698161384
"L2b","L2b",3.66378607263058,-4.21537427642784
"L2c","L2c",3.67252034830083,-4.22302673235027
"L2d","L2d",3.64846243854544,-4.05682148623176
"L2d2","L2d2",3.6432415494884,-4.0936422428816
"L3","L3",3.80338006006591,-3.45642617561923
"L3b","L3b",3.99643508238042,-3.25717657780861
"L4_A_Mam","L4_A_Mam",3.01801898395793,-3.87988044446492
"L4_B_Mam","L4_B_Mam",3.52325418599007,-2.71415765617601
"L4_C_Mam","L4_C_Mam",3.11699082538246,-3.75797642346158
"L5","L5",1.9698656455564,1.5433728038037
"LFSINE_Vert","LFSINE_Vert",4.59526456550612,-1.47896650996406
"LOR1-int","LOR1-int",-2.14523768666133,-0.106054908711565
"LOR1a","LOR1a",-1.15711695372601,0.997616434601619
"LOR1b","LOR1b",-1.09975565418566,0.726659480466211
"LTR06","LTR06",-2.04225575939307,1.02347433579477
"LTR1","LTR1",-3.77026963639817,3.11716492209323
"LTR101_Mam","LTR101_Mam",2.56386631470025,-1.97960565943401
"LTR102_Mam","LTR102_Mam",1.43843224492046,-1.13478840117199
"LTR103_Mam","LTR103_Mam",0.562999458484718,-0.881008368335622
"LTR103b_Mam","LTR103b_Mam",0.725634599104556,-0.374276661283536
"LTR104_Mam","LTR104_Mam",1.44334319126314,-2.73840694542178
"LTR105_Mam","LTR105_Mam",2.18269477479426,-0.94937749080094
"LTR106_Mam","LTR106_Mam",1.7904907507296,-0.140957972598308
"LTR107_Mam","LTR107_Mam",1.13455811650918,0.824184904066612
"LTR108a_Mam","LTR108a_Mam",-1.90941779305456,1.81476417630285
"LTR108b_Mam","LTR108b_Mam",-1.85340242298657,1.86332052437417
"LTR108c_Mam","LTR108c_Mam",-1.23549180787386,2.67096375654123
"LTR108d_Mam","LTR108d_Mam",-1.15323005890723,1.86643559080662
"LTR108e_Mam","LTR108e_Mam",-0.941361690810921,1.5759790248713
"LTR109A2","LTR109A2",-1.7595282928165,2.93932870709151
"LTR10A","LTR10A",-4.02561966951354,3.26696798008239
"LTR10B","LTR10B",-3.97539494581211,3.2504836825945
"LTR10B1","LTR10B1",-3.9821311563649,3.27620624559467
"LTR10B2","LTR10B2",-3.96275611293815,3.24494314577974
"LTR10C","LTR10C",-3.92635288719841,3.21697793984794
"LTR10D","LTR10D",-2.67813937673488,2.70055925509075
"LTR10E","LTR10E",-4.1006592268627,3.33266753459973
"LTR10F","LTR10F",-3.06159273057732,2.39656721777112
"LTR10G","LTR10G",-3.93726575618036,3.22132381305289
"LTR12","LTR12",-3.36543891376895,2.85097149645841
"LTR12C","LTR12C",-3.34868976199004,2.8236777064331
"LTR12D","LTR12D",-3.27509864222644,2.85001156164201
"LTR12E","LTR12E",-3.00047311721664,3.10785390092161
"LTR12F","LTR12F",-0.574966347923799,1.0670642326279
"LTR12_","LTR12_",-1.98373636314831,2.44159989995582
"LTR13","LTR13",-1.65554062469664,3.74677665552582
"LTR13A","LTR13A",-2.10758762211262,3.07593556921318
"LTR13_","LTR13_",-1.6389734306234,3.75009675448702
"LTR14","LTR14",-2.99532101796081,2.10621347810211
"LTR14A","LTR14A",-3.04637033614782,2.13182319852584
"LTR14B","LTR14B",-3.04400344789742,2.14498510175355
"LTR14C","LTR14C",-2.50631864713386,2.46812125003781
"LTR15","LTR15",-1.36310672043308,3.08599812714855
"LTR16","LTR16",1.52882288314931,-2.93018989429503
"LTR16A","LTR16A",1.65668745541188,-3.21563592742061
"LTR16A1","LTR16A1",1.96523819799713,-3.11562222745604
"LTR16A2","LTR16A2",0.361444776586128,-2.75051266204104
"LTR16B","LTR16B",2.20234653163493,-1.27805570643321
"LTR16B1","LTR16B1",2.36709331901189,-1.35711712064075
"LTR16B2","LTR16B2",1.99562614591192,-1.37450110969073
"LTR16C","LTR16C",1.36994646813676,-3.81471756751938
"LTR16D","LTR16D",1.236193492956,-0.954199282067269
"LTR16D1","LTR16D1",-0.145874817088481,1.08751739917372
"LTR16D2","LTR16D2",0.354486012635499,0.811642190881352
"LTR16E1","LTR16E1",1.70782859782439,-3.16860055142217
"LTR16E2","LTR16E2",1.48558300057321,-2.94624388110458
"LTR17","LTR17",-2.91531298657787,2.42077496363603
"LTR18A","LTR18A",-2.20365291493889,3.12891844878182
"LTR18B","LTR18B",-1.04406160540235,3.32815346804181
"LTR19-int","LTR19-int",-1.86562552462784,2.83832408456766
"LTR19A","LTR19A",-1.12227344129124,1.81652679679066
"LTR19B","LTR19B",-1.81312760466544,2.74555633250336
"LTR19C","LTR19C",-2.52646390084173,4.14920187684294
"LTR1A1","LTR1A1",-2.61569163524984,4.69110104418835
"LTR1A2","LTR1A2",-2.43190621610675,2.57600288799856
"LTR1B","LTR1B",-2.52622876676691,4.7322435525121
"LTR1B0","LTR1B0",-2.44375443713132,4.56441742913286
"LTR1B1","LTR1B1",-2.41865070016226,4.45936004124037
"LTR1C","LTR1C",-2.4898983852572,4.54587858197544
"LTR1C1","LTR1C1",-2.52639049939857,4.69115798644555
"LTR1C3","LTR1C3",-2.44066333654426,4.10417583526398
"LTR1D","LTR1D",-2.60776258764332,4.82663918581573
"LTR1D1","LTR1D1",-2.59252231011835,4.86214628083918
"LTR1E","LTR1E",-2.47718978123967,4.80988044153876
"LTR1F","LTR1F",-2.49265562744062,4.79534053260502
"LTR1F1","LTR1F1",-2.49013324737626,4.7869472656173
"LTR1F2","LTR1F2",-2.52546252296692,4.78703635408353
"LTR2","LTR2",-3.28548582607587,4.97879612524009
"LTR21A","LTR21A",-2.148179981423,2.92954800496032
"LTR21B","LTR21B",-1.88510538132414,1.9783598134891
"LTR22A","LTR22A",-2.19759527385487,2.91149580436706
"LTR22B","LTR22B",-4.16198108639518,4.13565959713146
"LTR22B1","LTR22B1",-4.14934914943871,4.11908323173902
"LTR22B2","LTR22B2",-1.15629132287495,3.02020980540851
"LTR22C","LTR22C",-4.21478267490571,4.17781310874097
"LTR22C0","LTR22C0",-4.22856226059317,4.18701996192167
"LTR22C2","LTR22C2",-4.14394579422761,4.11563930563376
"LTR22E","LTR22E",-4.20971483909553,4.16515674253695
"LTR23","LTR23",0.0475277149674361,1.5184528769509
"LTR23-int","LTR23-int",0.282227186979788,1.1141126410027
"LTR24","LTR24",-0.898044405998615,2.69492707068883
"LTR24B","LTR24B",-0.789230771809762,2.83656851843951
"LTR24C","LTR24C",-0.102692868016,1.77028721794476
"LTR25","LTR25",-3.18049920235159,4.74148474728247
"LTR25-int","LTR25-int",-3.17151317667604,4.76819627998548
"LTR26","LTR26",-1.46538980344217,1.30042138914946
"LTR26B","LTR26B",-0.782361566014766,2.10061924548204
"LTR26C","LTR26C",-1.21760594334132,1.3474182190779
"LTR26D","LTR26D",0.139683297649436,1.50414636804726
"LTR26E","LTR26E",-1.59998360714435,1.43995141519618
"LTR27","LTR27",-3.37165591684828,5.09850999269741
"LTR2752","LTR2752",-3.40655897477809,5.16654026223839
"LTR27B","LTR27B",-3.1741736856564,4.82769265867465
"LTR27C","LTR27C",-3.4076060774181,5.14294879235898
"LTR27D","LTR27D",-3.21361013375708,4.8458285667357
"LTR27E","LTR27E",-3.41850682282508,5.16442553901234
"LTR28","LTR28",-3.20323973632113,4.95609116506042
"LTR28B","LTR28B",-2.6333164037508,4.83333824143899
"LTR28C","LTR28C",-3.39056785466045,5.14046127880494
"LTR29","LTR29",0.391054136530751,0.119752055964092
"LTR2B","LTR2B",0.158824820298595,1.56264639528347
"LTR2C","LTR2C",-2.13867396229616,3.03551129119452
"LTR3","LTR3",4.46955742196079,-1.03343091062664
"LTR30","LTR30",-2.51373477833751,3.05520338874667
"LTR31","LTR31",-1.13751339780101,1.35316379284123
"LTR32","LTR32",2.3844704417532,-0.863320383345482
"LTR33","LTR33",1.54754554782381,-2.95879163946111
"LTR33A","LTR33A",1.046262173301,-1.99035691507009
"LTR33A_","LTR33A_",1.07484427653245,-1.97279688681821
"LTR33B","LTR33B",0.854981898415354,-2.38197671278007
"LTR33C","LTR33C",1.11827996233475,-0.879182207806427
"LTR34","LTR34",0.137901466028414,1.44678918830852
"LTR35","LTR35",-1.61815177637848,2.51419951126373
"LTR35A","LTR35A",-1.442164408022,2.45700163514797
"LTR35B","LTR35B",-0.699312085967808,2.60014696871568
"LTR36","LTR36",0.0632846015469538,1.60774975553389
"LTR37-int","LTR37-int",1.40177049618358,-3.13775068150202
"LTR37A","LTR37A",0.404474665840763,-2.67413153896204
"LTR37B","LTR37B",0.338607458375993,-2.62699984708655
"LTR38","LTR38",-2.05275130669604,0.163919486638342
"LTR38-int","LTR38-int",-2.10808556873167,0.182452346284497
"LTR38A1","LTR38A1",-1.11238973045736,1.78806897495755
"LTR38B","LTR38B",-0.713756792429587,1.60578658751309
"LTR38C","LTR38C",-1.07016879500375,1.96088558762971
"LTR39","LTR39",0.822267422527524,-1.08330352765717
"LTR39-int","LTR39-int",-0.615617172988828,1.6238898208595
"LTR3A","LTR3A",-2.65666677391147,2.60164307953481
"LTR3B","LTR3B",-2.2765000205449,2.19205107762523
"LTR3B_","LTR3B_",-2.22710610083641,2.20541955569586
"LTR4","LTR4",-0.544704704645399,0.65593832204969
"LTR40A1","LTR40A1",1.16778049988514,-1.34130542872836
"LTR40a","LTR40a",1.88644132123729,-3.2247704530366
"LTR40b","LTR40b",2.39211683004465,-0.72056606433417
"LTR40c","LTR40c",1.88000131693466,0.312700433614856
"LTR41","LTR41",-0.455219938764423,0.626683212422822
"LTR41B","LTR41B",-0.398183979093676,0.627057871968181
"LTR41C","LTR41C",-0.155084264585929,0.482098253150264
"LTR42","LTR42",-1.49761532141506,1.98380597919655
"LTR43","LTR43",-0.223950944560946,1.34622257559276
"LTR43B","LTR43B",-0.0224162058006024,1.41659959119296
"LTR44","LTR44",-0.535023023415815,1.60702364176694
"LTR45","LTR45",-0.601217926864726,1.35916485196885
"LTR45B","LTR45B",0.109297851178,1.23577019921996
"LTR45C","LTR45C",-0.707114924265884,1.331053218095
"LTR46","LTR46",-0.540084172905287,2.48712333368584
"LTR47A","LTR47A",1.97364540193144,0.298014850121507
"LTR47A2","LTR47A2",-1.6631473554509,2.08918886901079
"LTR47B","LTR47B",-1.85339425544357,2.02418960294735
"LTR47B2","LTR47B2",-1.38044012930969,1.83445422669317
"LTR47B3","LTR47B3",-0.911545703512593,1.64419146205302
"LTR47B4","LTR47B4",-1.67757161189662,2.87750601093958
"LTR48","LTR48",0.505010504858099,-1.5508227087253
"LTR48B","LTR48B",1.99460814304375,-0.878016677616873
"LTR49","LTR49",0.183909526099394,-0.619971964899954
"LTR49-int","LTR49-int",-2.16244870867418,2.57121257830552
"LTR5","LTR5",-2.78647475463528,2.08415956380589
"LTR50","LTR50",3.3493382561173,-1.79255530822048
"LTR51","LTR51",0.431543753523576,0.614232453500219
"LTR52","LTR52",1.61096697252913,-1.5186951491182
"LTR53","LTR53",-1.30625653105199,1.21688868412985
"LTR53-int","LTR53-int",-2.99781776488507,2.8578966959071
"LTR53B","LTR53B",-1.48511929813016,1.49481207737776
"LTR54","LTR54",0.551398119530358,-0.375372571676563
"LTR54B","LTR54B",0.528269584337154,-0.52334179070882
"LTR55","LTR55",1.2439518112692,0.239090595794011
"LTR56","LTR56",0.517927105662328,1.70294970553867
"LTR57","LTR57",-2.04948519014772,0.345946980468232
"LTR57-int","LTR57-int",-2.08421530828781,0.329319837781794
"LTR58","LTR58",-1.43387837262032,2.04692584419922
"LTR59","LTR59",-0.544767899643847,2.11845703098278
"LTR5B","LTR5B",-2.80416347154883,2.24142491308383
"LTR5_Hs","LTR5_Hs",-2.24694883345609,2.55820328074254
"LTR60","LTR60",-1.51122564041198,1.65369440119214
"LTR60B","LTR60B",-0.941881683163748,1.39207020852762
"LTR61","LTR61",-2.46922267540162,2.80200978520188
"LTR62","LTR62",0.0326254374113726,1.7412906241797
"LTR64","LTR64",0.436410653510831,0.844339307756485
"LTR65","LTR65",-1.47759997555561,3.12143797348106
"LTR66","LTR66",0.328262883841382,0.799505347204982
"LTR67B","LTR67B",2.44086658653413,-3.33706603449323
"LTR68","LTR68",1.42237285943804,-1.29344606084168
"LTR69","LTR69",-0.532647941705438,1.23172348290108
"LTR6A","LTR6A",-2.71019700363387,2.41534876634617
"LTR7","LTR7",-2.83464600916992,3.90666468532812
"LTR71A","LTR71A",-1.57760702710111,2.19653535807831
"LTR71B","LTR71B",-2.20492897935614,2.82266392479753
"LTR72","LTR72",-1.18272032481598,2.05792872871185
"LTR72B","LTR72B",-0.972268355077406,1.86692006938833
"LTR73","LTR73",-0.399587062846824,1.42718898212705
"LTR75","LTR75",-0.936296745227223,2.66673352836149
"LTR75B","LTR75B",-0.537656493256964,2.61354591987691
"LTR75_1","LTR75_1",-0.938154562391177,2.73743900560731
"LTR76","LTR76",-2.67464278025471,3.56252164196315
"LTR77","LTR77",-3.21096367084818,4.7303567883737
"LTR78","LTR78",1.24747958370672,-3.59459311583816
"LTR78B","LTR78B",1.39204354620809,-3.45725639456397
"LTR79","LTR79",2.70562354558664,-3.18135101320119
"LTR7B","LTR7B",-2.403138991138,2.82032831871307
"LTR7C","LTR7C",-2.2719604069384,3.01434045155283
"LTR7Y","LTR7Y",-2.36099387883065,2.86347817709615
"LTR8","LTR8",-1.41323892530797,1.32437267140448
"LTR80A","LTR80A",1.52645080782712,-1.45326049327826
"LTR80B","LTR80B",1.52151723370694,-1.93393413763827
"LTR81","LTR81",0.55696098692762,-1.73962949294237
"LTR81A","LTR81A",0.75841431181895,-1.14905688284851
"LTR81AB","LTR81AB",0.566634766974829,0.342694910388532
"LTR81B","LTR81B",0.354515585465427,-2.61078432980726
"LTR81C","LTR81C",0.643035106247088,-2.14262656905819
"LTR82A","LTR82A",2.17193998699791,-2.45549478095533
"LTR82B","LTR82B",0.585007650686038,-2.08316412201202
"LTR83","LTR83",2.87953812817831,-0.244917418718106
"LTR84a","LTR84a",2.24008226812584,-0.851174401989098
"LTR84b","LTR84b",2.41094663026676,-1.1079484327041
"LTR85a","LTR85a",0.332166074895105,-2.88773703360104
"LTR85b","LTR85b",0.842963640579167,-2.15677599873691
"LTR85c","LTR85c",0.85427308317302,-1.84485478828263
"LTR86A1","LTR86A1",2.41300719665574,-0.198146232929366
"LTR86A2","LTR86A2",1.76748542241798,0.768582799134726
"LTR86B1","LTR86B1",-1.61165732079529,1.3360932477533
"LTR86B2","LTR86B2",1.57587508035344,0.482075887074193
"LTR86C","LTR86C",1.68743061868623,0.950450850195156
"LTR87","LTR87",-2.91100845270014,1.46665710309619
"LTR88a","LTR88a",0.693195403019086,-1.08781791376371
"LTR88b","LTR88b",0.300511294900706,-2.79699656946906
"LTR88c","LTR88c",0.43570580515201,-2.34530377076579
"LTR89","LTR89",2.02631626213175,-1.31212502049939
"LTR89B","LTR89B",1.93055417901391,-0.91346656507569
"LTR8A","LTR8A",-1.42218137941617,1.28344692659174
"LTR8B","LTR8B",-1.45295032018737,1.28450535495997
"LTR9","LTR9",0.509261080860081,-1.55923619676928
"LTR90A","LTR90A",0.59258807094619,1.55156939917799
"LTR90B","LTR90B",1.31140293062763,0.963272038715894
"LTR91","LTR91",0.352892124027216,-3.0576838702552
"LTR91A","LTR91A",0.381955005955624,-3.10061430269262
"LTR9A1","LTR9A1",-2.22961964533152,2.81489757813741
"LTR9B","LTR9B",-0.380621788213708,1.57865714290358
"LTR9C","LTR9C",-1.42880337548933,1.70785418164057
"LTR9D","LTR9D",0.182968675853312,0.521415780596718
"Looper","Looper",2.07019082912548,0.0842905537745411
"MADE1","MADE1",0.956814237736915,-4.92542815657956
"MADE2","MADE2",3.98926982665332,-1.58950295575986
"MARE10","MARE10",-1.09139958842266,3.0647575667183
"MARE4","MARE4",1.21658885263822,2.50849030435801
"MARE6","MARE6",0.474213128244171,2.00101993854967
"MARE8","MARE8",-0.0975163805382012,3.44085558839084
"MARNA","MARNA",4.01220723914004,-2.88306352780772
"MER101","MER101",1.13356300100217,-1.68967090483187
"MER101-int","MER101-int",1.26628726282185,-2.46851606840211
"MER101B","MER101B",0.185877241001403,0.759412929733876
"MER102a","MER102a",4.02767876441659,-1.61671943117049
"MER102b","MER102b",4.16205274820518,-1.56138815221483
"MER102c","MER102c",3.86406452414316,-1.69775418560731
"MER103C","MER103C",3.26372467162969,-3.89465218215542
"MER104","MER104",3.197285800227,-2.63051116576482
"MER105","MER105",-2.95118200142094,1.4517055232638
"MER106A","MER106A",1.86704477715433,1.49433157432231
"MER106B","MER106B",2.06647473500569,0.0322964439912985
"MER107","MER107",-1.39883600486938,2.97246295931586
"MER110","MER110",0.543244015157556,-1.44535556993539
"MER110-int","MER110-int",0.74956988778258,-1.37849182674536
"MER110A","MER110A",0.394614127072029,-1.13058578325621
"MER112","MER112",4.46288001770562,-1.81978907652096
"MER113","MER113",4.46569638225373,-1.44121279597014
"MER113A","MER113A",4.45636994913748,-1.39124274101172
"MER115","MER115",1.48205277109166,-0.901201506478149
"MER117","MER117",3.19290778971317,-3.44718394611297
"MER119","MER119",3.29398254434044,-1.65460993627006
"MER11A","MER11A",-2.95123645694623,3.17972488535522
"MER11B","MER11B",-2.93238061752026,3.12920896244888
"MER11C","MER11C",-2.85156296219023,2.94856194951895
"MER11D","MER11D",-2.24602381654596,3.33059870181399
"MER121","MER121",0.372805244755223,-1.18575058137467
"MER121B","MER121B",-0.887863573631985,3.27794389562818
"MER123","MER123",-1.02155062968338,3.2248906908183
"MER124","MER124",2.26505646130855,-0.551268593449272
"MER125","MER125",0.373967431860886,1.19163092179572
"MER126","MER126",0.985120292618513,2.78827886696804
"MER127","MER127",0.57325291153247,1.74739087879902
"MER129","MER129",-0.379445691591149,3.46006341910252
"MER130","MER130",-0.567203859488004,3.58027987601365
"MER131","MER131",1.212915452309,0.863512167628874
"MER132","MER132",-1.14900062937677,3.16738305241644
"MER133A","MER133A",-0.678249692284297,3.6349776508268
"MER133B","MER133B",-0.768332569759493,3.40634748683452
"MER134","MER134",-1.6990735551684,3.12764806486524
"MER135","MER135",2.98496795554376,-0.574018602939318
"MER136","MER136",-1.04947104143634,3.6772965174925
"MER1A","MER1A",2.2112438590339,-3.12949902092974
"MER1B","MER1B",2.71493635046337,-3.32490580215321
"MER2","MER2",2.92544272040022,-3.02376518628182
"MER20","MER20",3.3604039599833,-2.94874949994062
"MER20B","MER20B",3.38254584493129,-2.91895066198194
"MER21-int","MER21-int",-2.09169701016394,1.01245424572614
"MER21A","MER21A",2.96691307945835,-2.1741487865253
"MER21B","MER21B",2.72863544045453,-1.91249441195396
"MER21C","MER21C",2.6158664950404,-3.26871882233003
"MER2B","MER2B",2.7390891870021,-2.21595333015314
"MER3","MER3",0.664224107988132,-0.139710254002246
"MER30","MER30",2.88575919935847,-1.11840061539927
"MER30B","MER30B",-1.29003041983798,1.62325119892942
"MER31-int","MER31-int",-2.31271370875443,3.32511055521898
"MER31A","MER31A",0.430052355522613,0.277013937893777
"MER31B","MER31B",2.28737750194628,-0.928231205177051
"MER33","MER33",3.9526053893112,-2.86695771902797
"MER34","MER34",0.620662553321417,-0.0782383478804816
"MER34-int","MER34-int",-2.4255060643842,2.91979979321766
"MER34A","MER34A",0.590740122268112,-0.136165643660008
"MER34A1","MER34A1",0.582153267545815,0.439579835942191
"MER34B","MER34B",1.08018445503095,-0.342872912761187
"MER34B-int","MER34B-int",1.14561453618175,-1.22761885002261
"MER34C","MER34C",0.384400571580131,0.971912192995223
"MER34C2","MER34C2",-0.317113554577223,2.29526721946266
"MER34C_","MER34C_",0.472626377310647,0.112966784976104
"MER34D","MER34D",-1.20035579649002,2.95838040644484
"MER39","MER39",1.69223766667674,-2.55895702683558
"MER39B","MER39B",1.12691009662358,-1.6961428381796
"MER4-int","MER4-int",-2.2150555100191,-0.159372977305528
"MER41-int","MER41-int",-2.16320402069074,-0.0894134067295775
"MER41A","MER41A",0.198190986883879,-1.26062294913205
"MER41B","MER41B",0.15229779030767,-1.37936391141199
"MER41C","MER41C",0.0527758142244381,-0.729354270158304
"MER41D","MER41D",-0.383757564609739,1.60125592266171
"MER41E","MER41E",0.188437958268993,1.52852615496542
"MER41G","MER41G",-2.7308227462776,3.04430732833239
"MER44A","MER44A",2.99189389775921,-0.743389550670438
"MER44B","MER44B",2.90269198239392,-1.17205243067107
"MER44C","MER44C",2.75751087266063,-0.822341086083779
"MER44D","MER44D",2.50375857355135,-0.589225264679714
"MER45A","MER45A",0.900766604927266,-0.107951785675019
"MER45B","MER45B",0.671425861501806,-2.07747032570546
"MER45C","MER45C",1.17290065290183,-0.932079016127289
"MER45R","MER45R",0.682291529024037,-0.609994217271244
"MER46C","MER46C",4.41639056226859,-1.60852694823839
"MER47A","MER47A",2.63898833955129,-2.5535269691045
"MER47B","MER47B",2.44677455001389,-0.435986753916138
"MER47C","MER47C",-0.355485928792875,1.84559507436792
"MER48","MER48",-1.54321164581666,2.66389206120158
"MER49","MER49",0.32250648234624,-1.26414316452664
"MER4A","MER4A",0.809634137701741,-1.27509044075833
"MER4A1","MER4A1",0.802324055653212,-1.25431123633292
"MER4A1_","MER4A1_",0.75405235599538,-1.32647903850128
"MER4B","MER4B",-1.95683032073939,-0.182856264720447
"MER4B-int","MER4B-int",-2.09986198932263,0.0140973330353913
"MER4C","MER4C",0.845746035809752,0.543620845767262
"MER4CL34","MER4CL34",1.7665836963307,-0.803372739982197
"MER4D","MER4D",0.458527843870165,-1.43562513134822
"MER4D0","MER4D0",1.43336528810634,0.0909875066467571
"MER4D1","MER4D1",0.351696645256196,-1.86740218198382
"MER4E","MER4E",0.621243133733064,-1.40916948770267
"MER4E1","MER4E1",0.590711692144061,-1.31243749621187
"MER50","MER50",-1.72933369707627,0.049698365804494
"MER50-int","MER50-int",-1.94257813421586,0.173323264656256
"MER50B","MER50B",0.785058349894843,-1.10095297298252
"MER50C","MER50C",-2.508866497471,3.26993848791445
"MER51-int","MER51-int",-2.18204405960064,0.0952112867919688
"MER51A","MER51A",-3.02630701992662,4.59303528291689
"MER51B","MER51B",0.511142237943483,0.716508461105982
"MER51C","MER51C",-1.39484103034183,1.33586975672148
"MER51D","MER51D",-0.0651030308272569,2.11169226637602
"MER51E","MER51E",-1.73439752449309,2.35833342997208
"MER52-int","MER52-int",-3.37678137806071,5.098405276386
"MER52A","MER52A",-3.39947500519239,5.15167295873605
"MER52C","MER52C",-3.03788499619895,4.96421696672133
"MER52D","MER52D",-3.32126957296623,5.17150825174092
"MER53","MER53",0.318150553433624,-3.01150170593546
"MER54A","MER54A",0.794773913079744,0.258242143923225
"MER54B","MER54B",0.0534268719566822,1.05715543273017
"MER57-int","MER57-int",-2.07929359803016,0.877204680575668
"MER57A-int","MER57A-int",-2.09432228849575,1.00829456035452
"MER57A1","MER57A1",0.469163646262442,-1.57880664391641
"MER57B1","MER57B1",0.461233147060019,0.0485705421097453
"MER57B2","MER57B2",0.80558478666477,1.45739600566496
"MER57C1","MER57C1",-0.636848545607745,2.25740536197231
"MER57C2","MER57C2",-0.290603931595945,1.87529870433068
"MER57D","MER57D",-0.379007424869511,1.9326924871785
"MER57E1","MER57E1",-0.414570080626769,1.65900844545376
"MER57E2","MER57E2",-1.46328697350695,2.23432732221157
"MER57E3","MER57E3",-1.46642251957539,1.37321331690341
"MER57F","MER57F",0.43166074607968,0.66946413375947
"MER58A","MER58A",1.41455673127091,-5.65774846687088
"MER58B","MER58B",3.60568342835922,-2.84241526856026
"MER58C","MER58C",3.11719855041554,-2.67530430321926
"MER58D","MER58D",2.77119741057974,-0.812646932025133
"MER5A","MER5A",3.69796279364203,-3.80986864003335
"MER5A1","MER5A1",3.87583211120686,-3.41163091100752
"MER5B","MER5B",3.62961360718493,-3.90166597929429
"MER5C","MER5C",2.35081265831286,1.1416357713809
"MER5C1","MER5C1",2.27989316111166,1.25530135205141
"MER6","MER6",-2.84125684635739,1.84707887312545
"MER61-int","MER61-int",-2.69091537893607,2.03277641540202
"MER61A","MER61A",-2.91097663009849,4.39043550510399
"MER61B","MER61B",-0.470578936480207,1.62341364016576
"MER61C","MER61C",-3.02706617990603,4.54545474305881
"MER61D","MER61D",-3.14114350048948,4.70807712023618
"MER61E","MER61E",-3.14618200762685,4.67904922160462
"MER61F","MER61F",-2.95056878333586,4.43596090651355
"MER63A","MER63A",2.63359159041266,-3.47862907810855
"MER63B","MER63B",3.54933075247775,-1.84746127223307
"MER63C","MER63C",1.6551743730026,-0.936063794331437
"MER63D","MER63D",2.21293779134348,-0.791091123890359
"MER65-int","MER65-int",-2.07562644663722,1.02152361652684
"MER65A","MER65A",-1.99812714536813,0.914609516664052
"MER65B","MER65B",-0.87875746839939,1.57542471294361
"MER65C","MER65C",-2.12202787474741,1.02701783093109
"MER65D","MER65D",-0.547611521170547,1.4243812798196
"MER66-int","MER66-int",-2.14687782792862,-0.12259688781007
"MER66A","MER66A",0.255393144231818,1.20825321620205
"MER66B","MER66B",-1.18926170784118,1.81550156470012
"MER66C","MER66C",-1.60841229992964,1.97490012950995
"MER66D","MER66D",-1.91496710530262,2.23799050124179
"MER67A","MER67A",-1.33230348091079,2.25818254617712
"MER67B","MER67B",0.521675477019444,1.89721680768298
"MER67C","MER67C",0.640402341396884,-1.5816731893755
"MER67D","MER67D",0.924865894893792,-3.13194512660679
"MER68","MER68",-2.90827854767459,1.51326442085526
"MER68-int","MER68-int",-0.517500911636145,2.49393930197811
"MER68B","MER68B",-2.90191972323091,1.497269057453
"MER68C","MER68C",-1.1726163826793,1.6376758024411
"MER6A","MER6A",2.66982080252422,-1.59823402279943
"MER6B","MER6B",2.10290304636396,0.2044490653351
"MER6C","MER6C",-1.053660304437,1.4489381680691
"MER70-int","MER70-int",-1.96397813590007,2.95386504564672
"MER70A","MER70A",0.705106435690129,0.583479841008947
"MER70B","MER70B",0.353162575228128,0.617802853846792
"MER70C","MER70C",-0.505459721446545,0.884077371348313
"MER72","MER72",0.166109954563628,1.1734785455427
"MER72B","MER72B",0.18147693499948,1.48601820456037
"MER73","MER73",0.40064543813325,0.777335315677837
"MER74A","MER74A",3.17863194405552,-1.7906777830516
"MER74B","MER74B",2.27725571273042,-0.686832670765065
"MER74C","MER74C",0.276022971708225,0.90462386298793
"MER75","MER75",-1.01826458853931,1.52164571091244
"MER75A","MER75A",-2.29758695184167,2.66931869566478
"MER75B","MER75B",-1.1426036055438,1.6004501018512
"MER76","MER76",-0.278952803842971,0.752088925762249
"MER77","MER77",2.64347851915402,-1.54256543686432
"MER77B","MER77B",2.75548634119901,-1.505701553861
"MER8","MER8",-1.79457246749125,0.145491283572041
"MER81","MER81",3.79564272063471,-1.82765151484244
"MER83","MER83",-1.99417646926809,0.219669737466333
"MER83A-int","MER83A-int",-2.04237506282343,0.37075375261833
"MER83B","MER83B",-2.04969473952792,0.135620332572813
"MER83B-int","MER83B-int",-2.06698093387116,0.257446148983691
"MER83C","MER83C",-1.20313169596523,2.01917908690006
"MER84","MER84",-1.51548313046595,2.49320027243905
"MER84-int","MER84-int",-1.99572173279462,2.90987697959351
"MER85","MER85",1.85215030055347,0.94018264537187
"MER87","MER87",-0.725561529932591,1.43478201855034
"MER87B","MER87B",-0.769897455598125,1.47670625515536
"MER88","MER88",-1.85956934292091,1.77321377773534
"MER89","MER89",0.433159522151145,-1.46330465354126
"MER89-int","MER89-int",1.10934741835874,-2.63164923677389
"MER90","MER90",1.79175094769833,0.382532903218
"MER90a","MER90a",2.06770085615188,-0.0190708507024797
"MER91A","MER91A",3.74770928233943,-1.9620075801227
"MER91B","MER91B",3.4400199435535,-1.80103557915969
"MER91C","MER91C",3.49766843507806,-1.83949460448368
"MER92-int","MER92-int",0.991867059420505,-2.85781574471926
"MER92A","MER92A",0.187711389409019,1.43910536997803
"MER92B","MER92B",0.351503742946391,0.435094573822276
"MER92C","MER92C",0.219926015251296,1.45444193606282
"MER92D","MER92D",0.0718912847886657,1.68608061198222
"MER94","MER94",3.65920551819933,-1.8717073502743
"MER94B","MER94B",0.871933109685921,2.84064462604589
"MER95","MER95",-0.512398735499882,1.78663242952841
"MER96","MER96",1.22916298703823,0.927134204573475
"MER96B","MER96B",1.10856542075845,0.459126422287448
"MER97a","MER97a",0.400674614637093,-0.935854791404722
"MER97b","MER97b",0.454915340334383,0.574676691307921
"MER97c","MER97c",0.552078413160462,0.950285163151655
"MER97d","MER97d",-0.6871544902905,1.48407665219982
"MER99","MER99",1.6598833580948,-0.0783808761252294
"MER9a1","MER9a1",-2.25669743392824,3.28564645220564
"MER9a2","MER9a2",-2.23046311894185,3.35835822673343
"MER9a3","MER9a3",-2.26814658577194,3.25515128879636
"MERX","MERX",1.75649311303192,0.56504679967663
"MIR","MIR",3.70692515140647,-3.99366094544808
"MIR1_Amn","MIR1_Amn",4.09843817078193,-2.36234155498073
"MIR3","MIR3",3.70782675612008,-4.03783600474303
"MIRb","MIRb",3.73723097540798,-4.04898763475629
"MIRc","MIRc",3.70275581636553,-3.99481169992616
"MLT-int","MLT-int",0.794483396957586,0.309188166601726
"MLT1-int","MLT1-int",-0.741666670712594,1.65850653448462
"MLT1A","MLT1A",1.21597890575989,-5.77607599187691
"MLT1A0","MLT1A0",1.03980101777117,-5.91025511746713
"MLT1A0-int","MLT1A0-int",-4.0963042138917,1.84863913385597
"MLT1A1","MLT1A1",0.709711849019152,-5.36964941365467
"MLT1A1-int","MLT1A1-int",-4.00080627076723,1.94530116536401
"MLT1B","MLT1B",1.3183977326997,-5.75963740955485
"MLT1B-int","MLT1B-int",-4.03257176451844,1.92509116568949
"MLT1C","MLT1C",1.48794793957614,-5.57457631196284
"MLT1C2","MLT1C2",1.35684439051975,-5.71600869312801
"MLT1C2-int","MLT1C2-int",-3.84254377070588,2.07976204556204
"MLT1D","MLT1D",1.2553420324614,-5.78555194224799
"MLT1D-int","MLT1D-int",-4.41982910429467,2.62865411749664
"MLT1E","MLT1E",1.94976076378432,-3.39128008365553
"MLT1E-int","MLT1E-int",-4.39650147186308,2.66525137137816
"MLT1E1","MLT1E1",2.05732069782477,-3.34407074116922
"MLT1E1A","MLT1E1A",2.04010187835354,-3.44286658332553
"MLT1E2","MLT1E2",1.89393998716315,-3.41153666317302
"MLT1E2-int","MLT1E2-int",-3.88234350591456,2.11359332546053
"MLT1E3","MLT1E3",1.76691648479076,-3.34532577189286
"MLT1E3-int","MLT1E3-int",-2.81182828699215,2.99478083377084
"MLT1F","MLT1F",2.19525131111376,-3.65672141434188
"MLT1F-int","MLT1F-int",-4.48833932606472,2.66190552943336
"MLT1F1","MLT1F1",2.22324662798528,-3.67052536537756
"MLT1F1-int","MLT1F1-int",-4.49500277815073,2.68119133483275
"MLT1F2","MLT1F2",2.13992859793109,-3.65258749973537
"MLT1F2-int","MLT1F2-int",-4.46056340986451,2.67953676333153
"MLT1G","MLT1G",2.30650768655885,-3.87678464145406
"MLT1G-int","MLT1G-int",-4.26792721427351,2.71624240585192
"MLT1G1","MLT1G1",2.32526398204577,-3.937339577629
"MLT1G1-int","MLT1G1-int",-4.46074308965434,2.66540172101558
"MLT1G3","MLT1G3",2.30185588212863,-3.83395187823008
"MLT1G3-int","MLT1G3-int",-4.41454559208578,2.71408742826262
"MLT1H","MLT1H",2.41198706985799,-4.05060891579275
"MLT1H-int","MLT1H-int",-4.51000660448512,2.67724739075143
"MLT1H1","MLT1H1",2.36771946273683,-3.99608174874919
"MLT1H1-int","MLT1H1-int",-4.42700282089755,2.62375048363871
"MLT1H2","MLT1H2",2.40920260801228,-4.07918185447708
"MLT1H2-int","MLT1H2-int",-4.48170078448667,2.67432925746466
"MLT1I","MLT1I",1.37542433529212,-5.63720886085816
"MLT1I-int","MLT1I-int",-4.35693265231867,2.68917717822095
"MLT1J","MLT1J",2.31594074859277,-3.81919091610481
"MLT1J-int","MLT1J-int",2.09868845963183,-2.72159601270669
"MLT1J1","MLT1J1",1.59207740412723,-3.81889818602673
"MLT1J2","MLT1J2",1.89086365021559,-4.03128450206955
"MLT1J2-int","MLT1J2-int",-3.89318722188425,2.16179014602508
"MLT1K","MLT1K",2.68775104905329,-3.85428180480086
"MLT1K-int","MLT1K-int",-0.752770487027706,2.46291480725424
"MLT1L","MLT1L",2.54760598104293,-3.88630764365463
"MLT1L-int","MLT1L-int",-0.331908282281093,1.46382714826524
"MLT1M","MLT1M",3.49164728784773,-1.11285059380013
"MLT1M-int","MLT1M-int",-2.32349035279891,3.24600019081466
"MLT1N2","MLT1N2",2.32621335210737,-3.27314311890627
"MLT1N2-int","MLT1N2-int",-1.58559641365352,2.54966485418895
"MLT1O","MLT1O",2.87127710958155,-3.7204285775977
"MLT2A1","MLT2A1",1.04202790947092,-4.39179345912756
"MLT2A2","MLT2A2",0.743294109539851,-4.94222895181541
"MLT2B1","MLT2B1",0.785906558413188,-4.90183133589353
"MLT2B2","MLT2B2",1.15298655044351,-3.3686978539073
"MLT2B3","MLT2B3",1.01056050100839,-4.44368730193539
"MLT2B4","MLT2B4",1.24231780330213,-4.01060126415911
"MLT2B5","MLT2B5",0.894912109836204,-0.94445306094009
"MLT2C1","MLT2C1",2.12585843984683,-3.16052112106664
"MLT2C2","MLT2C2",1.78603202585164,-2.81832437550883
"MLT2D","MLT2D",1.3961893677115,-4.02709994736416
"MLT2E","MLT2E",0.962861020243862,0.125274147377357
"MLT2F","MLT2F",1.05227397328145,-2.36847776845106
"MST-int","MST-int",-4.08427101078833,1.51296652009826
"MSTA","MSTA",-4.71003738790021,1.02377628766164
"MSTA-int","MSTA-int",-4.7180238601851,1.01404152458678
"MSTA1","MSTA1",1.48504498058412,0.140900745454756
"MSTA1-int","MSTA1-int",-2.3685689111905,3.10458618553163
"MSTB","MSTB",1.15452425076233,-4.21206863212955
"MSTB-int","MSTB-int",-4.31034422968243,1.35745162083451
"MSTB1","MSTB1",1.18190450453364,-4.25080298107003
"MSTB1-int","MSTB1-int",-4.07833726982694,1.56354789033381
"MSTB2","MSTB2",2.13817973395883,-2.70016678312243
"MSTB2-int","MSTB2-int",-3.94526453056581,1.84326020104389
"MSTC","MSTC",2.05091079243724,-2.93907086311132
"MSTC-int","MSTC-int",-4.07665751370756,1.82470604327807
"MSTD","MSTD",1.17356749949682,-4.56539015078121
"MSTD-int","MSTD-int",-4.10307697930822,1.85285229138713
"MamGyp-int","MamGyp-int",0.43626395520757,-1.22239636397266
"MamGypLTR1a","MamGypLTR1a",0.36419031071609,-2.57937430527958
"MamGypLTR1b","MamGypLTR1b",0.595575993058585,-2.1831881872363
"MamGypLTR1c","MamGypLTR1c",0.704978736573183,-2.27967510082926
"MamGypLTR1d","MamGypLTR1d",0.535363918107826,-0.755316744678741
"MamGypLTR2b","MamGypLTR2b",0.370367418043922,-2.5662620125521
"MamGypLTR2c","MamGypLTR2c",0.434927409108352,-2.37913194982726
"MamGypLTR3","MamGypLTR3",4.43706411367902,-1.05374832172167
"MamGypLTR3a","MamGypLTR3a",4.47169291301999,-1.10846148591896
"MamGypLTR4","MamGypLTR4",0.326378085785976,-2.67666536114724
"MamGypsy2-I","MamGypsy2-I",0.5960239757441,-3.26253397944771
"MamGypsy2-LTR","MamGypsy2-LTR",1.44170803820828,-0.724188743004723
"MamRTE1","MamRTE1",4.01873841455035,-3.15451769042281
"MamRTE2","MamRTE2",-1.24820948557466,2.60465842352508
"MamRep1151","MamRep1151",1.96535220578926,-2.55494755606802
"MamRep137","MamRep137",3.44926132220628,-2.88481328887213
"MamRep1527","MamRep1527",0.787949309320612,-2.03639348190648
"MamRep1879","MamRep1879",0.903365737841506,0.812187473639158
"MamRep1894","MamRep1894",2.39590911292263,-0.69076207662124
"MamRep38","MamRep38",3.55284927018009,-1.85450159135723
"MamRep4096","MamRep4096",1.02190955661726,0.135975982623377
"MamRep434","MamRep434",4.12444126476491,-1.43345401677036
"MamRep488","MamRep488",0.86024868899057,0.861995058795624
"MamRep605","MamRep605",3.51379557671204,-2.88898113064698
"MamRep605b","MamRep605b",3.63477454476982,-2.81688722945766
"MamSINE1","MamSINE1",3.93075450782141,-3.11006421878661
"MamTip1","MamTip1",1.3763837655482,1.50173785669022
"MamTip1b","MamTip1b",1.32848381842466,1.79897737082728
"MamTip2","MamTip2",3.44938893245301,-3.27857433106738
"MamTip2b","MamTip2b",3.23311020509566,-3.5035970582209
"MamTip3","MamTip3",1.24770193542806,-0.539523627975575
"MamTip3B","MamTip3B",1.07624180940733,0.351578100709843
"Mam_R4","Mam_R4",1.13670615801449,0.57581265750715
"Merlin1_HS","Merlin1_HS",-2.68661683796469,2.05209987856654
"ORSL","ORSL",0.968848345722888,0.858992936087426
"ORSL-2a","ORSL-2a",0.761722551652623,0.733093037635194
"ORSL-2b","ORSL-2b",1.09336831634323,1.07523574037902
"OldhAT1","OldhAT1",4.63061076711918,-1.46685754614439
"PABL_A","PABL_A",-2.14106226663939,-0.128536087018551
"PABL_A-int","PABL_A-int",-2.1722218521945,-0.0776773936093029
"PABL_B","PABL_B",-0.911046430474355,1.56985190777858
"PABL_B-int","PABL_B-int",-2.58047173864733,3.12804874257915
"PRIMA4-int","PRIMA4-int",-2.47832252956358,2.88349321535304
"PRIMA41-int","PRIMA41-int",-2.60969853509373,2.87047721706323
"PRIMA4_LTR","PRIMA4_LTR",0.295020950061946,1.11123866555556
"PRIMAX-int","PRIMAX-int",-1.71068706342825,2.04622876006072
"Penelope1_Vert","Penelope1_Vert",1.76218151504252,1.77873461955978
"Plat_L3","Plat_L3",4.14499854065332,-2.86625866603945
"PrimLTR79","PrimLTR79",-1.43334175905589,2.65614924646196
"Ricksha","Ricksha",1.44702780463979,-1.5160518673298
"Ricksha_0","Ricksha_0",0.820232366281844,-1.44605703630629
"Ricksha_a","Ricksha_a",-1.03777653240999,1.68460643702739
"Ricksha_c","Ricksha_c",1.60003199540638,-2.48884786931
"SVA_A","SVA_A",-3.27782627548873,2.67476137461442
"SVA_B","SVA_B",-3.10559777905939,2.57199227810028
"SVA_C","SVA_C",-3.08991743017721,2.56430881302676
"SVA_D","SVA_D",-3.27017499073697,2.67153241076488
"SVA_E","SVA_E",-3.0940510155853,2.28912730706737
"SVA_F","SVA_F",-3.21734218301113,2.66011119625839
"THE1-int","THE1-int",-3.99739364201905,1.65200585042023
"THE1A","THE1A",-4.43999169836155,1.28092419386367
"THE1A-int","THE1A-int",-4.40980093052357,1.32560987961556
"THE1B","THE1B",-4.66846535339658,1.06503816064643
"THE1B-int","THE1B-int",-4.70006654727,1.03813255701522
"THE1C","THE1C",-4.73947991087393,0.996866726305178
"THE1C-int","THE1C-int",-4.71205724683859,1.0234873717305
"THE1D","THE1D",-4.72595042536919,1.00738190686084
"THE1D-int","THE1D-int",-4.7794422258124,0.956383806909824
"Tigger1","Tigger1",4.39465229047007,-1.06620483974215
"Tigger10","Tigger10",4.02336193981185,-1.23953663156788
"Tigger11a","Tigger11a",1.84697032978114,0.8632957295465
"Tigger12","Tigger12",3.79827856891131,-1.05606488335477
"Tigger12A","Tigger12A",4.06151386489191,-1.08724183948611
"Tigger12c","Tigger12c",3.39308872418536,-0.945266369753125
"Tigger13a","Tigger13a",2.7498789601175,-3.25774721829604
"Tigger14a","Tigger14a",3.962622159144,-1.43182322604852
"Tigger15a","Tigger15a",3.92817911793313,-3.10780634438049
"Tigger16a","Tigger16a",4.50396846105828,-1.13784843592968
"Tigger16b","Tigger16b",4.18724153530212,-1.16884567496159
"Tigger17","Tigger17",2.16791997649608,-0.0714193624972892
"Tigger17a","Tigger17a",2.78532354481719,-2.44935136976567
"Tigger17b","Tigger17b",-1.00947501649544,1.56954334699013
"Tigger17c","Tigger17c",1.87045705192919,0.330736102699372
"Tigger17d","Tigger17d",-0.692240022323507,1.35270282888598
"Tigger18a","Tigger18a",3.1579206028239,-0.96987822681552
"Tigger19a","Tigger19a",4.41111715077916,-2.21191876662711
"Tigger19b","Tigger19b",4.09646062686647,-2.79079635550633
"Tigger1a_Art","Tigger1a_Art",1.93578566253539,0.395759640853754
"Tigger2","Tigger2",2.70991661162064,-2.26661689755477
"Tigger20a","Tigger20a",3.92865980813326,-1.35711338937994
"Tigger21a","Tigger21a",-2.73985767488455,1.9915423037062
"Tigger22N1","Tigger22N1",3.13652445929542,-0.762407925245127
"Tigger23a","Tigger23a",2.2119736295073,0.651911731247179
"Tigger2a","Tigger2a",1.2360821308665,-4.53823129890206
"Tigger2b_Pri","Tigger2b_Pri",1.52615692194062,-4.14451054378075
"Tigger3","Tigger3",1.4652114608538,-4.3357284057668
"Tigger3a","Tigger3a",1.5971132617752,-4.31162454895114
"Tigger3b","Tigger3b",0.472589356631493,-5.8691929597683
"Tigger3c","Tigger3c",2.80196495190958,-1.09330184166408
"Tigger3d","Tigger3d",2.15867957318345,-0.170497282782555
"Tigger4","Tigger4",2.96054578264595,-2.83337001562658
"Tigger4a","Tigger4a",2.99594407981123,-3.06671614560325
"Tigger4b","Tigger4b",2.97019960638464,-2.67464726688011
"Tigger5","Tigger5",2.68858705709994,-0.747701885347412
"Tigger5b","Tigger5b",2.7782211699317,-0.991226742562202
"Tigger6","Tigger6",1.93369628383093,0.0476797604837698
"Tigger6a","Tigger6a",2.34005456158127,-0.517425562362688
"Tigger6b","Tigger6b",-0.754759710380452,1.81546741021923
"Tigger7","Tigger7",2.91300315845443,-1.06899760812612
"Tigger8","Tigger8",3.86044640536507,-0.707143425776017
"Tigger9a","Tigger9a",3.21119173605151,-0.723136797130671
"Tigger9b","Tigger9b",2.66987359107839,-1.49324343442453
"UCON100","UCON100",-1.48543232462397,3.23415174033713
"UCON105","UCON105",1.99726718007915,1.5406189530539
"UCON11","UCON11",-0.810893936112884,3.67287931664298
"UCON14","UCON14",-0.556881469858039,3.1947489692996
"UCON2","UCON2",-0.326860767796422,3.48153109574543
"UCON21","UCON21",-1.95529252772835,3.19975888847364
"UCON23","UCON23",-2.55505404627714,1.93784260750547
"UCON29","UCON29",0.277089730094879,3.3266902115306
"UCON33","UCON33",-0.804573921922539,2.21042598123957
"UCON34","UCON34",1.19654034851488,2.60930861867793
"UCON37","UCON37",-1.81660818673803,3.24660431014494
"UCON38","UCON38",-0.344151752296484,3.51256794590593
"UCON39","UCON39",0.276237714938066,2.38513083199063
"UCON40","UCON40",0.94771938687508,2.13174807356709
"UCON44","UCON44",1.87789185123604,1.4058832337386
"UCON49","UCON49",-0.504951232694943,3.57125953879051
"UCON51","UCON51",-0.938449927968829,3.65713881418708
"UCON55","UCON55",0.637245258541844,3.06165022114163
"UCON58","UCON58",1.2315981392116,1.89581325531786
"UCON62","UCON62",-2.43112528424966,3.05602560967831
"UCON69","UCON69",-2.30982194478122,2.84274952191724
"UCON7","UCON7",-1.42554385620447,3.73845385826592
"UCON73","UCON73",-1.24031826479122,3.77008425594455
"UCON78","UCON78",-0.473762373007946,3.61252485293944
"UCON8","UCON8",-0.388803944251847,3.47701449636315
"UCON80","UCON80",-0.668908350101242,3.40592546811395
"UCON81","UCON81",-0.400152643391314,3.62494762730511
"UCON83","UCON83",-1.34080321153228,2.67083006205164
"UCON86","UCON86",-1.24601884129861,3.51609709182113
"UCON89","UCON89",-0.472376896768636,3.5748946415967
"UCON97","UCON97",-0.633302656535029,3.49391965656292
"UCON99","UCON99",-0.878494459310848,3.25686505264925
"X10b_DNA","X10b_DNA",1.73466046628973,2.22394054322951
"X11_DNA","X11_DNA",0.304607287357927,2.12763433090694
"X12_DNA","X12_DNA",4.6457027639432,-1.50858474138785
"X12_LINE","X12_LINE",-0.413145144428948,3.61149639038329
"X13_LINE","X13_LINE",-0.640719282762679,3.06338723553842
"X15_LINE","X15_LINE",-2.68615441614377,2.17052170815862
"X17_LINE","X17_LINE",2.00209512359118,1.90538924016322
"X1_DNA","X1_DNA",2.22278138341043,0.580874929241163
"X1_LINE","X1_LINE",-1.39853051283344,2.99958546734004
"X1_LR","X1_LR",-1.93403425929765,2.71379344530094
"X20_LINE","X20_LINE",0.734362969086568,2.8088962357308
"X21_LINE","X21_LINE",-1.34941338576415,3.17168247336527
"X22_DNA","X22_DNA",-2.35208898877672,3.26906979822108
"X23_DNA","X23_DNA",-1.00821155450824,3.28627376161283
"X24_DNA","X24_DNA",1.0718111809174,0.469487603582285
"X24_LINE","X24_LINE",1.18880720700517,2.13695590012387
"X26_DNA","X26_DNA",4.26057032048874,-1.21630735618348
"X2_LINE","X2_LINE",1.1158758640642,2.07329020207289
"X2a_DNA","X2a_DNA",0.858645234286653,0.765486779702032
"X2b_DNA","X2b_DNA",0.499275682950756,1.25212282495726
"X30_DNA","X30_DNA",1.82261584954311,1.62365361207085
"X32_DNA","X32_DNA",1.66908698170763,2.26006667081027
"X33a_DNA","X33a_DNA",-1.47042594259054,3.24072581071641
"X34_DNA","X34_DNA",-0.47658021022958,2.4682583940606
"X4a_DNA","X4a_DNA",0.0308213091674604,3.13818915055555
"X4b_DNA","X4b_DNA",1.88854761369726,2.22947455130804
"X5B_LINE","X5B_LINE",-1.82879415901083,3.19401859140016
"X5a_DNA","X5a_DNA",1.83313762810161,2.26869402257596
"X6A_LINE","X6A_LINE",3.90949769075582,-0.899365686976265
"X6B_LINE","X6B_LINE",1.13251934541896,1.91875990757907
"X6a_DNA","X6a_DNA",4.20361917662699,-1.12217408419889
"X6b_DNA","X6b_DNA",2.23294599217792,1.73003384267679
"X7A_LINE","X7A_LINE",2.01575609825403,2.15474729656742
"X7B_LINE","X7B_LINE",4.14136852274056,-1.09403641841837
"X7C_LINE","X7C_LINE",1.77690284030262,2.28773118676294
"X7D_LINE","X7D_LINE",-2.29176282143151,3.03659559396422
"X8_LINE","X8_LINE",-0.149868656014033,1.85581324157048
"X9_LINE","X9_LINE",1.39651134692808,1.9618903252432
"X9a_DNA","X9a_DNA",2.20104375425195,1.77894926540303
"X9b_DNA","X9b_DNA",2.36272835325238,1.0089495566493
"Zaphod","Zaphod",0.658229612042884,-1.49719949843021
"Zaphod2","Zaphod2",1.52725603501292,1.69223564430281
"Zaphod3","Zaphod3",2.39169116049675,-1.09735161590135
"Zaphod4a","Zaphod4a",1.34113580224736,1.53956703815621
"Zaphod5a","Zaphod5a",-1.77017514209338,3.17387330580077
"Zaphod5b","Zaphod5b",-2.00131857867775,3.20837419756445
"hAT-16_Crp","hAT-16_Crp",-1.25892515009839,3.16711976049966
"hAT-1_Mam","hAT-1_Mam",4.08376473453257,-0.997596077625464
"hAT-4b_Ther","hAT-4b_Ther",1.21206329776403,1.7901089571783
"hAT-5_Mam","hAT-5_Mam",2.24655118807744,1.78192226475373
"hAT-N1_Mam","hAT-N1_Mam",1.10814099705258,1.80635761403813
"hAT-N1a_Mam","hAT-N1a_Mam",1.98020191032884,1.74833084576074
